{
  "test_mae": 0.32653704285621643,
  "test_rmse": 0.3559584319591522,
  "mean_r2": -0.8336867094039917,
  "median_max_error": 0.4940982460975647,
  "p95_max_error": 0.49460935592651367,
  "inference_ms_per_sample": 1.6151521220001541,
  "uq_calibration_corr": -0.14907992677592832,
  "n_test_samples": 1000
}